rank,feature,coefficient,abs_importance
1,categorical__shipping_mode_First Class,1.9045283662107402,1.9045283662107402
2,categorical__shipping_mode_Same Day,-1.4410882998710843,1.4410882998710843
3,categorical__order_country_Haití,1.385916232435839,1.385916232435839
4,categorical__order_city_Surat,1.270593774793408,1.270593774793408
5,categorical__order_country_Uruguay,1.145144880898462,1.145144880898462
6,categorical__order_city_Jeddah,1.1206862613547934,1.1206862613547934
7,categorical__order_city_Carrefour,-1.0959775151257216,1.0959775151257216
8,categorical__order_city_Naples,-1.039500956393388,1.039500956393388
9,categorical__order_city_Montpellier,1.0301360421825543,1.0301360421825543
10,categorical__order_city_Aurora,0.9969543039195495,0.9969543039195495
11,categorical__order_city_Brindisi,-0.97324395562524,0.97324395562524
12,categorical__order_city_San Francisco de Macorís,0.9713392437593733,0.9713392437593733
13,categorical__order_city_Dar es Salaam,-0.9439033695349507,0.9439033695349507
14,categorical__order_city_San Martín,-0.9317904419710028,0.9317904419710028
15,categorical__order_city_Abidjan,0.9175980288776887,0.9175980288776887
16,categorical__order_country_Zambia,0.9100246823753755,0.9100246823753755
17,categorical__order_city_Villahermosa,-0.9038448264710226,0.9038448264710226
18,categorical__order_city_Montevideo,-0.8894844754764801,0.8894844754764801
19,categorical__order_city_Stoke-on-Trent,0.8839461636742081,0.8839461636742081
20,categorical__order_city_Tuxtla Gutiérrez,-0.8788425736924296,0.8788425736924296
21,categorical__product_id_977,0.8719730554693906,0.8719730554693906
22,categorical__order_city_Florence,-0.8716054900283973,0.8716054900283973
23,categorical__order_city_Granada,0.8644520889720649,0.8644520889720649
24,categorical__order_country_SudAfrica,-0.8598209611798971,0.8598209611798971
25,categorical__order_city_Caracas,-0.8571696307126027,0.8571696307126027
26,categorical__order_region_Southern Africa,0.8532255415311062,0.8532255415311062
27,categorical__order_country_Marruecos,-0.8412757343739217,0.8412757343739217
28,categorical__order_city_Riyadh,0.8302910520665391,0.8302910520665391
29,categorical__order_city_Geelong,0.8185461965965853,0.8185461965965853
30,categorical__order_city_São Miguel dos Campos,-0.7912417872640758,0.7912417872640758
31,categorical__order_city_Mérida,-0.7700052113999799,0.7700052113999799
32,categorical__order_city_Basra,0.757191461264578,0.757191461264578
33,categorical__order_city_Le Havre,0.7548408062487313,0.7548408062487313
34,categorical__order_city_Poza Rica de Hidalgo,-0.7460378306005263,0.7460378306005263
35,categorical__order_city_Maracaibo,-0.7377785354412508,0.7377785354412508
36,categorical__order_city_Casablanca,0.7339235462718449,0.7339235462718449
37,categorical__order_city_Hanoi,-0.7192323588880413,0.7192323588880413
38,categorical__order_country_Ecuador,0.7127659353454333,0.7127659353454333
39,categorical__order_city_Vassouras,0.7080405094094198,0.7080405094094198
40,categorical__order_city_Ballarat,0.7075392290687004,0.7075392290687004
41,categorical__order_city_Gaziantep,-0.7052232219007313,0.7052232219007313
42,categorical__order_city_Budapest,-0.7031168978592518,0.7031168978592518
43,categorical__order_city_Rosario,0.698081366922034,0.698081366922034
44,categorical__order_city_Estocolmo,0.6956004801979615,0.6956004801979615
45,categorical__product_id_885,0.6902085304087273,0.6902085304087273
46,categorical__order_country_Dinamarca,-0.6870516162746495,0.6870516162746495
47,categorical__order_city_Apopa,0.6738499687363708,0.6738499687363708
48,categorical__order_city_Chongqing,-0.6682713156528626,0.6682713156528626
49,categorical__order_city_Dakar,-0.6568109881468267,0.6568109881468267
50,categorical__order_city_Copenhagen,0.6530112695999472,0.6530112695999472
51,categorical__product_id_797,0.652381470480185,0.652381470480185
52,categorical__order_country_Jamaica,-0.6521396072112305,0.6521396072112305
53,categorical__order_country_República Checa,0.651220423001768,0.651220423001768
54,categorical__order_city_Ibadan,0.6440892776897104,0.6440892776897104
55,categorical__order_city_Pekín,-0.6421781508807047,0.6421781508807047
56,categorical__order_city_Caloundra,0.6413286097140607,0.6413286097140607
57,categorical__order_city_Bangalore,0.6187908773147714,0.6187908773147714
58,categorical__shipping_mode_Standard Class,-0.6098487733161383,0.6098487733161383
59,categorical__order_city_Toluca,-0.6085985987820887,0.6085985987820887
60,categorical__order_country_Finlandia,-0.5997858765580569,0.5997858765580569
61,categorical__order_country_Israel,0.5864285004256825,0.5864285004256825
62,categorical__order_city_Milan,-0.5805069325926774,0.5805069325926774
63,categorical__order_city_Dortmund,-0.577965272099353,0.577965272099353
64,categorical__order_city_Salvador,0.5636165884140429,0.5636165884140429
65,categorical__category_name_Lacrosse,0.5617054543618349,0.5617054543618349
66,categorical__order_city_Louisville,-0.5606874738697527,0.5606874738697527
67,categorical__order_city_Nice,-0.5594608032397296,0.5594608032397296
68,categorical__order_city_Nantes,0.5586909992546981,0.5586909992546981
69,categorical__order_city_San Luis Potosí,0.5507879879475033,0.5507879879475033
70,categorical__order_city_Amberes,-0.5490821909498838,0.5490821909498838
71,categorical__order_city_Brasília,0.5459171054535016,0.5459171054535016
72,categorical__order_city_Tokio,0.5454427462587018,0.5454427462587018
73,categorical__order_city_Shenzhen,-0.5409333814554176,0.5409333814554176
74,categorical__order_country_Polonia,-0.5391516011599311,0.5391516011599311
75,categorical__order_city_Gómez Palacio,0.5387825337989819,0.5387825337989819
76,categorical__category_name_Women's Golf Clubs,-0.538468399321383,0.538468399321383
77,categorical__order_city_Lisbon,-0.5329750557915464,0.5329750557915464
78,categorical__order_city_Lyon,-0.5321541513308239,0.5321541513308239
79,categorical__order_city_Curitiba,-0.5317234777240983,0.5317234777240983
80,categorical__order_city_Petapa,-0.5303443059419665,0.5303443059419665
81,categorical__order_city_Praga,-0.5243899538949368,0.5243899538949368
82,categorical__order_city_Miami,-0.5241518664286132,0.5241518664286132
83,categorical__order_city_Algiers,-0.5189649706022507,0.5189649706022507
84,categorical__order_city_Leeds,0.5160077553679214,0.5160077553679214
85,categorical__order_city_Newark,0.5152380352830171,0.5152380352830171
86,categorical__department_name_Footwear,0.5151985717188612,0.5151985717188612
87,categorical__order_city_Manzanillo,-0.5145342000548287,0.5145342000548287
88,categorical__order_city_Seattle,-0.5080028280947094,0.5080028280947094
89,categorical__order_city_Accra,0.5025036992524116,0.5025036992524116
90,categorical__order_city_Mexicali,0.5013445237401342,0.5013445237401342
91,categorical__order_city_Helsinki,0.49943094265047255,0.49943094265047255
92,categorical__shipping_mode_Second Class,0.4960589888080144,0.4960589888080144
93,categorical__product_id_135,-0.4917990831704157,0.4917990831704157
94,categorical__order_city_Arlington,0.4873148654438745,0.4873148654438745
95,categorical__product_id_276,-0.4869146954151639,0.4869146954151639
96,categorical__order_country_Rusia,-0.4865245580249568,0.4865245580249568
97,categorical__order_city_Warsaw,-0.4847480828435556,0.4847480828435556
98,categorical__order_city_Richmond,0.48012042777408376,0.48012042777408376
99,categorical__order_city_Paris,-0.47794600182050573,0.47794600182050573
100,categorical__order_city_Tlaquepaque,-0.4755296223288613,0.4755296223288613
101,categorical__order_country_Reino Unido,-0.46226709918424913,0.46226709918424913
102,categorical__order_country_Tanzania,0.45956573532109635,0.45956573532109635
103,categorical__order_city_San Antonio,0.45714964734221797,0.45714964734221797
104,categorical__order_city_Cancún,0.4558178036986062,0.4558178036986062
105,categorical__order_city_David,-0.4524075087625835,0.4524075087625835
106,categorical__order_city_Essen,-0.44662696114350947,0.44662696114350947
107,categorical__order_country_Hungría,0.44101970158283643,0.44101970158283643
108,categorical__order_country_Bulgaria,-0.4377298599947339,0.4377298599947339
109,categorical__order_region_Oceania,-0.43614470429982766,0.43614470429982766
110,categorical__order_city_Southend-on-Sea,0.4358026130447221,0.4358026130447221
111,categorical__order_city_Delhi,-0.43551980174380817,0.43551980174380817
112,categorical__order_country_Venezuela,0.4291601180154962,0.4291601180154962
113,categorical__order_city_Villa Canales,-0.42915618296621055,0.42915618296621055
114,categorical__order_city_Suzhou,0.42793635595538304,0.42793635595538304
115,categorical__order_country_Perú,0.4260129795093607,0.4260129795093607
116,categorical__order_city_Medellín,-0.4258250966529841,0.4258250966529841
117,categorical__order_country_Chile,0.4227224240238348,0.4227224240238348
118,categorical__order_city_Strasbourg,-0.42104266517608885,0.42104266517608885
119,categorical__category_name_Cardio Equipment,-0.4208505505542868,0.4208505505542868
120,categorical__order_city_Tlalnepantla,-0.4204322696257742,0.4204322696257742
121,categorical__order_country_Irlanda,0.41968856068814286,0.41968856068814286
122,categorical__order_region_West Africa,-0.417441110148935,0.417441110148935
123,numerical__days_shipping_scheduled,-0.4134781905114071,0.4134781905114071
124,categorical__order_country_Bolivia,0.4122518760693017,0.4122518760693017
125,categorical__order_city_Denver,0.41164843799704426,0.41164843799704426
126,categorical__product_id_567,0.41002953220065824,0.41002953220065824
127,categorical__order_city_Birmingham,-0.40504173533959503,0.40504173533959503
128,categorical__order_country_Costa de Marfil,-0.4014729583103472,0.4014729583103472
129,categorical__product_id_44,-0.3975749835747436,0.3975749835747436
130,categorical__order_city_Bandung,0.3954899913872964,0.3954899913872964
131,categorical__order_city_Los Mochis,-0.3917775940982828,0.3917775940982828
132,categorical__order_city_Luoyang,0.3895166735709635,0.3895166735709635
133,categorical__order_city_Austin,-0.38827852774434773,0.38827852774434773
134,categorical__product_id_775,0.38791722280288576,0.38791722280288576
135,categorical__order_city_Mulhouse,0.38123543138435445,0.38123543138435445
136,categorical__product_id_825,0.38037099977456895,0.38037099977456895
137,categorical__order_city_Chinandega,-0.37965553683516323,0.37965553683516323
138,categorical__order_city_Cienfuegos,0.37778114853165,0.37778114853165
139,categorical__order_city_Medan,0.37420043655498947,0.37420043655498947
140,categorical__order_city_Surabaya,-0.37304698917252727,0.37304698917252727
141,categorical__order_city_Daca,0.3725382384517039,0.3725382384517039
142,categorical__order_country_Mozambique,0.3710015540324165,0.3710015540324165
143,categorical__order_country_Australia,0.3695307943069173,0.3695307943069173
144,categorical__order_city_Choloma,-0.366615828546832,0.366615828546832
145,categorical__order_city_Edinburgh,-0.3662528468766411,0.3662528468766411
146,categorical__product_id_804,-0.3645302366392429,0.3645302366392429
147,categorical__order_city_Ciego de Ávila,-0.36412884858714856,0.36412884858714856
148,categorical__category_name_Trade-In,0.36392995683696167,0.36392995683696167
149,categorical__order_city_Alexandria,-0.3607892717517917,0.3607892717517917
150,categorical__order_city_San Miguelito,-0.35976682381712966,0.35976682381712966
151,categorical__order_country_Sudán,-0.35762068339570396,0.35762068339570396
152,categorical__order_city_Huehuetenango,-0.356785657437469,0.356785657437469
153,categorical__order_country_Indonesia,-0.3566402493057633,0.3566402493057633
154,categorical__order_city_Morelia,-0.355119464923714,0.355119464923714
155,categorical__product_id_703,0.3535066217869579,0.3535066217869579
156,categorical__product_id_924,-0.3462845988457112,0.3462845988457112
157,categorical__product_id_818,-0.3441566938862749,0.3441566938862749
158,categorical__order_city_Villa Nueva,-0.3440795076165959,0.3440795076165959
159,categorical__category_name_Kids' Golf Clubs,0.34295625046653183,0.34295625046653183
160,categorical__product_id_172,-0.34140209315925774,0.34140209315925774
161,categorical__order_city_Houston,0.34053450452412404,0.34053450452412404
162,categorical__order_city_Córdoba,-0.34028616312634485,0.34028616312634485
163,categorical__order_city_Perth,0.33358586003173146,0.33358586003173146
164,categorical__order_country_Suecia,-0.33219351234286576,0.33219351234286576
165,categorical__order_city_New York City,0.3272823939693053,0.3272823939693053
166,categorical__product_id_905,-0.32680754331931566,0.32680754331931566
167,categorical__order_city_Manila,-0.3266789614941595,0.3266789614941595
168,categorical__order_city_Pinar del Río,-0.32257107016589975,0.32257107016589975
169,categorical__order_country_Malasia,-0.32116603038793756,0.32116603038793756
170,categorical__product_id_249,-0.3194185696142585,0.3194185696142585
171,categorical__order_city_Detroit,0.31941549754989823,0.31941549754989823
172,categorical__product_id_778,0.3184928624649977,0.3184928624649977
173,categorical__order_city_Canberra,0.3178930966823917,0.3178930966823917
174,categorical__category_name_infrequent_sklearn,0.31073146367292853,0.31073146367292853
175,categorical__order_city_Gold Coast,0.3096514751919084,0.3096514751919084
176,categorical__order_city_Chittagong,0.309408320544544,0.309408320544544
177,categorical__product_id_823,0.3091178330632672,0.3091178330632672
178,categorical__order_city_Trier,0.3087096035509073,0.3087096035509073
179,categorical__order_city_Fairfield,0.3085707654091622,0.3085707654091622
180,categorical__order_city_Bochum,0.30847079022071994,0.30847079022071994
181,categorical__order_country_Bangladés,-0.3082949114091158,0.3082949114091158
182,categorical__order_city_Cologne,0.30481262125180064,0.30481262125180064
183,categorical__order_city_The Hague,0.30335531794624665,0.30335531794624665
184,categorical__order_city_Rabat,-0.3033419847162989,0.3033419847162989
185,categorical__order_country_Japón,-0.29982472007366484,0.29982472007366484
186,categorical__order_city_Barcelona,-0.29732316368552975,0.29732316368552975
187,categorical__order_country_Jordania,0.2937645022027171,0.2937645022027171
188,categorical__order_city_Presidente Dutra,0.29221893650634706,0.29221893650634706
189,categorical__order_region_Southeast Asia,0.2873892742275107,0.2873892742275107
190,categorical__order_country_Arabia Saudí,-0.2872623337328498,0.2872623337328498
191,categorical__order_city_Guadalajara,0.28363478150762933,0.28363478150762933
192,categorical__order_country_Nicaragua,0.28303440012883,0.28303440012883
193,categorical__order_city_Bradford,0.2826042460249295,0.2826042460249295
194,categorical__order_city_Lima,-0.2821518609810634,0.2821518609810634
195,categorical__category_name_Soccer,-0.28019108252523545,0.28019108252523545
196,categorical__order_city_Las Tunas,-0.280122892698259,0.280122892698259
197,categorical__order_city_Bursa,-0.27948409833987364,0.27948409833987364
198,categorical__order_city_Santiago de Chile,0.2775636700654388,0.2775636700654388
199,categorical__product_id_278,-0.2770350851478819,0.2770350851478819
200,categorical__order_city_Estambul,-0.27644850459146664,0.27644850459146664
201,categorical__order_city_Yakarta,0.27595678235720333,0.27595678235720333
202,categorical__order_region_East Africa,-0.27538290172457625,0.27538290172457625
203,categorical__order_city_Melbourne,0.2752254041700146,0.2752254041700146
204,categorical__order_city_León,-0.274705181164758,0.274705181164758
205,categorical__order_city_Mixco,-0.27275984639007483,0.27275984639007483
206,categorical__order_country_República Democrática del Congo,0.2723366961893527,0.2723366961893527
207,categorical__order_city_Rochester,-0.2710205075987744,0.2710205075987744
208,categorical__product_id_642,0.27039099484026896,0.27039099484026896
209,categorical__order_country_El Salvador,-0.26819936669643346,0.26819936669643346
210,categorical__order_country_Camerún,-0.2663427500572677,0.2663427500572677
211,categorical__order_city_Toulouse,0.26570048603077584,0.26570048603077584
212,categorical__order_country_Panamá,-0.2642927034969656,0.2642927034969656
213,categorical__order_city_Nom Pen,0.2641178530084052,0.2641178530084052
214,categorical__order_country_Camboya,0.2641178530084052,0.2641178530084052
215,categorical__order_city_Saltillo,-0.2632803159133988,0.2632803159133988
216,categorical__order_country_Portugal,-0.26320722979464556,0.26320722979464556
217,categorical__product_id_273,-0.2630220161807311,0.2630220161807311
218,categorical__order_city_Tampa,0.2620781111395981,0.2620781111395981
219,categorical__product_id_1073,-0.2607010604397578,0.2607010604397578
220,categorical__order_city_Managua,-0.26045118150869645,0.26045118150869645
221,categorical__order_region_Eastern Europe,0.25809637191972584,0.25809637191972584
222,categorical__order_city_Newcastle,-0.25741038927023224,0.25741038927023224
223,categorical__order_city_Mashhad,0.2574039720468704,0.2574039720468704
224,categorical__order_city_Christchurch,0.2552685924736974,0.2552685924736974
225,categorical__order_city_Manukau City,0.25495814387142374,0.25495814387142374
226,categorical__order_city_London,0.2509232920045064,0.2509232920045064
227,categorical__order_city_La Romana,-0.24954131029349547,0.24954131029349547
228,categorical__order_city_Columbia,0.24939801469047937,0.24939801469047937
229,categorical__order_city_Rome,-0.2484159173208633,0.2484159173208633
230,categorical__order_city_Brisbane,0.2451156270519068,0.2451156270519068
231,categorical__product_id_116,0.24505043622939854,0.24505043622939854
232,categorical__category_name_Tennis & Racquet,0.24505043622939854,0.24505043622939854
233,categorical__order_country_Ghana,0.2442432445733373,0.2442432445733373
234,categorical__order_country_Países Bajos,-0.24273382554450262,0.24273382554450262
235,categorical__order_city_Duisburg,0.24267423736575977,0.24267423736575977
236,categorical__order_city_Reims,0.24201993859573498,0.24201993859573498
237,categorical__order_city_Mejicanos,0.24186651283419236,0.24186651283419236
238,categorical__order_city_Tepic,0.24014071385518546,0.24014071385518546
239,categorical__product_id_835,0.2398479109695618,0.2398479109695618
240,categorical__order_region_Central America,0.23794258499815013,0.23794258499815013
241,categorical__order_country_Corea del Sur,0.2376286620618044,0.2376286620618044
242,categorical__order_country_Colombia,0.2374765689261716,0.2374765689261716
243,categorical__product_id_728,-0.2369398910990513,0.2369398910990513
244,categorical__order_city_Palembang,-0.23647908605161147,0.23647908605161147
245,categorical__order_country_Angola,0.23616744530756145,0.23616744530756145
246,categorical__order_city_El Progreso,0.23511063010363914,0.23511063010363914
247,categorical__order_city_Jackson,0.2342049796394216,0.2342049796394216
248,categorical__order_city_Santa Clara,0.23060715054467026,0.23060715054467026
249,categorical__order_city_Chicago,0.23028858175489422,0.23028858175489422
250,categorical__order_city_Sonsonate,0.22913262723459135,0.22913262723459135
251,categorical__category_name_Men's Golf Clubs,-0.22888884361792217,0.22888884361792217
252,categorical__order_city_Kabul,0.22836916269992785,0.22836916269992785
253,categorical__order_country_Ucrania,-0.22632802345959724,0.22632802345959724
254,categorical__order_city_San Pedro Sula,-0.22572319722090256,0.22572319722090256
255,categorical__order_city_Munich,-0.22484519068606532,0.22484519068606532
256,categorical__order_city_Monterrey,-0.2243445670752545,0.2243445670752545
257,categorical__order_city_Jacksonville,0.22419806955806812,0.22419806955806812
258,categorical__order_city_Chennai,-0.22396402090046547,0.22396402090046547
259,categorical__order_city_Manchester,0.2236418417957864,0.2236418417957864
260,categorical__order_city_Bridgetown,-0.22339815568911736,0.22339815568911736
261,categorical__order_country_Barbados,-0.22339815568911736,0.22339815568911736
262,categorical__order_city_Soyapango,0.22310761618425476,0.22310761618425476
263,categorical__order_city_Chimaltenango,0.22308097854331377,0.22308097854331377
264,categorical__order_city_Depok,0.22291185870979796,0.22291185870979796
265,categorical__order_city_Toowoomba,0.22174644566257692,0.22174644566257692
266,categorical__order_month_2017-05,-0.21595666586090687,0.21595666586090687
267,categorical__order_city_Brumado,0.21540661676936151,0.21540661676936151
268,categorical__product_id_565,-0.2145926705953689,0.2145926705953689
269,categorical__order_city_Nuremberg,-0.21266264049498568,0.21266264049498568
270,categorical__order_country_Kenia,-0.21082080733756506,0.21082080733756506
271,categorical__category_name_Golf Gloves,-0.20980642473344138,0.20980642473344138
272,categorical__market_Africa,0.20823049332617605,0.20823049332617605
273,categorical__order_city_Valencia,0.20695634068090799,0.20695634068090799
274,categorical__order_country_Senegal,-0.2064905217756244,0.2064905217756244
275,categorical__order_city_Berlín,-0.20579380957232304,0.20579380957232304
276,categorical__order_city_Leipzig,-0.2031111257274908,0.2031111257274908
277,categorical__category_name_Water Sports,0.20235599260847292,0.20235599260847292
278,categorical__order_city_Viena,-0.2021780867579243,0.2021780867579243
279,categorical__order_city_Querétaro,-0.20204897867139943,0.20204897867139943
280,categorical__market_Europe,0.20154990069781037,0.20154990069781037
281,categorical__category_name_Hockey,0.1990080765523537,0.1990080765523537
282,categorical__category_name_Computers,0.19847764962009248,0.19847764962009248
283,categorical__product_id_1351,0.19847764962009248,0.19847764962009248
284,categorical__product_id_893,-0.1981346408231822,0.1981346408231822
285,categorical__order_city_Zurich,0.19765189379904338,0.19765189379904338
286,categorical__order_country_Argelia,-0.19631790042515496,0.19631790042515496
287,categorical__order_city_Sale,0.19526567036782866,0.19526567036782866
288,categorical__order_city_Matagalpa,-0.19194536805518395,0.19194536805518395
289,categorical__order_country_México,-0.19131677532730357,0.19131677532730357
290,categorical__product_id_365,0.19113027036951888,0.19113027036951888
291,categorical__order_city_Pune,0.19068809110383425,0.19068809110383425
292,categorical__order_country_Alemania,-0.1904812775783423,0.1904812775783423
293,categorical__product_id_926,-0.1890885750674005,0.1890885750674005
294,categorical__order_city_Tilburg,-0.18902715120086594,0.18902715120086594
295,categorical__order_city_Culiacán,0.1886135602699035,0.1886135602699035
296,categorical__order_city_La Ceiba,0.1877349912262583,0.1877349912262583
297,categorical__order_country_Brasil,0.18769024639133658,0.18769024639133658
298,categorical__order_city_Henderson,0.18732278459774632,0.18732278459774632
299,categorical__product_id_572,-0.18687490844881274,0.18687490844881274
300,categorical__order_country_Afganistán,-0.18638446918403348,0.18638446918403348
301,categorical__order_country_Zimbabue,0.1859294844158874,0.1859294844158874
302,categorical__order_city_Kano,0.18411502559925771,0.18411502559925771
303,categorical__order_country_España,-0.18345753983441018,0.18345753983441018
304,categorical__order_city_Dresden,-0.18142261304616594,0.18142261304616594
305,categorical__order_country_Lituania,-0.18121521613226593,0.18121521613226593
306,categorical__order_country_Francia,-0.18007200203712898,0.18007200203712898
307,categorical__order_city_San Diego,0.17726777802484517,0.17726777802484517
308,categorical__order_city_Nairobi,-0.17630865401085402,0.17630865401085402
309,categorical__order_region_Eastern Asia,0.17418408881786657,0.17418408881786657
310,categorical__category_name_DVDs,-0.1720608362384338,0.1720608362384338
311,categorical__product_id_1354,-0.1720608362384338,0.1720608362384338
312,categorical__order_country_Turquía,0.17180163112047536,0.17180163112047536
313,categorical__order_city_Bangkok,-0.17143879734150244,0.17143879734150244
314,categorical__product_id_917,-0.17089057265849142,0.17089057265849142
315,categorical__order_region_South America,-0.16588272923478364,0.16588272923478364
316,categorical__order_city_Luanda,-0.1652885496914389,0.1652885496914389
317,categorical__order_city_Contramaestre,-0.16351462204537973,0.16351462204537973
318,categorical__order_country_Bielorrusia,0.16293640548495464,0.16293640548495464
319,categorical__product_id_821,0.16200390668270606,0.16200390668270606
320,categorical__order_city_Frankfurt,0.16169375605664368,0.16169375605664368
321,categorical__order_city_Turin,0.16148342959556747,0.16148342959556747
322,categorical__order_region_South of  USA,0.16140133174425517,0.16140133174425517
323,categorical__order_city_Glasgow,-0.16093098858887386,0.16093098858887386
324,categorical__order_city_Dublín,-0.15765158914603777,0.15765158914603777
325,categorical__order_city_Columbus,-0.15724864892885093,0.15724864892885093
326,categorical__order_month_2016-07,-0.15710669707823952,0.15710669707823952
327,categorical__order_city_Lagos,0.15572382488461214,0.15572382488461214
328,categorical__order_country_Rumania,-0.15458806810939435,0.15458806810939435
329,categorical__order_month_2015-10,0.1534346518490191,0.1534346518490191
330,categorical__order_city_Zapopan,0.15198223799914415,0.15198223799914415
331,categorical__product_id_1357,-0.15188549319060554,0.15188549319060554
332,categorical__category_name_Men's Clothing,-0.15188549319060554,0.15188549319060554
333,categorical__order_city_San Pedro de Macorís,-0.15183423557880257,0.15183423557880257
334,categorical__category_name_Golf Shoes,-0.1518207573109786,0.1518207573109786
335,categorical__order_city_Lahore,0.1515014053303478,0.1515014053303478
336,categorical__order_month_2017-04,-0.15129233906799036,0.15129233906799036
337,categorical__department_name_Fitness,-0.15069690396267155,0.15069690396267155
338,categorical__product_id_627,0.1496360211733754,0.1496360211733754
339,categorical__order_country_Tailandia,-0.14962476747127754,0.14962476747127754
340,categorical__order_city_Ilopango,0.14933201862173223,0.14933201862173223
341,categorical__product_id_1360,0.14923921501224247,0.14923921501224247
342,categorical__category_name_Sporting Goods,0.14923921501224247,0.14923921501224247
343,categorical__category_name_Video Games,0.14884164736747504,0.14884164736747504
344,categorical__product_id_1362,0.14884164736747504,0.14884164736747504
345,categorical__order_country_Pakistán,0.14860561787155613,0.14860561787155613
346,categorical__order_city_Pretoria,0.14827067449029785,0.14827067449029785
347,categorical__order_city_Panama City,-0.14786371049066938,0.14786371049066938
348,categorical__order_city_Mandurah,0.14785033807424922,0.14785033807424922
349,categorical__order_country_Argentina,0.1475517187670886,0.1475517187670886
350,categorical__order_city_Coyoacán,-0.14739391567400692,0.14739391567400692
351,categorical__order_city_Sheffield,0.147387235994322,0.147387235994322
352,categorical__product_id_906,-0.14464623973193816,0.14464623973193816
353,categorical__order_city_Bagdad,-0.14426744870549976,0.14426744870549976
354,categorical__order_month_2017-11,0.14232271238032115,0.14232271238032115
355,categorical__order_city_Holguín,-0.14228516999901875,0.14228516999901875
356,categorical__order_month_2016-02,0.14010268019510222,0.14010268019510222
357,categorical__order_country_Nueva Zelanda,0.1379565466083364,0.1379565466083364
358,categorical__order_city_Shanghái,0.13504377645142765,0.13504377645142765
359,categorical__order_country_Canada,-0.13407385234897695,0.13407385234897695
360,categorical__order_region_Canada,-0.13407385234897695,0.13407385234897695
361,categorical__department_name_Technology,0.1340678050370917,0.1340678050370917
362,categorical__order_city_Jartum,-0.13348874997613536,0.13348874997613536
363,categorical__order_country_India,0.1320623451509044,0.1320623451509044
364,categorical__order_city_Phoenix,0.13027201605237854,0.13027201605237854
365,categorical__order_country_Uzbekistán,0.12939990289465725,0.12939990289465725
366,categorical__category_name_Boxing & MMA,-0.1288887036555866,0.1288887036555866
367,categorical__order_country_Egipto,-0.128070899078666,0.128070899078666
368,categorical__category_name_Fitness Accessories,0.12796634063789006,0.12796634063789006
369,categorical__order_city_Hermosillo,0.12604900987731193,0.12604900987731193
370,categorical__order_month_2016-04,0.12586031115999882,0.12586031115999882
371,categorical__order_month_2017-09,0.12551924201966141,0.12551924201966141
372,categorical__order_city_Camagüey,0.1251808221480118,0.1251808221480118
373,categorical__order_city_Juárez,0.12321183682877775,0.12321183682877775
374,categorical__order_country_Nigeria,0.122829413825914,0.122829413825914
375,categorical__order_month_2015-07,0.12237635797112713,0.12237635797112713
376,categorical__order_city_Bremen,-0.12219462960656147,0.12219462960656147
377,categorical__order_city_Masaya,0.12178268144970317,0.12178268144970317
378,categorical__order_month_2016-03,0.12168132156746302,0.12168132156746302
379,categorical__customer_segment_Consumer,0.12132315953397181,0.12132315953397181
380,categorical__order_city_Chihuahua,-0.1210504955636505,0.1210504955636505
381,categorical__order_city_Dallas,0.1209858864541233,0.1209858864541233
382,categorical__order_city_Lancaster,-0.12009268784864771,0.12009268784864771
383,categorical__order_city_Estelí,-0.1164731536923293,0.1164731536923293
384,categorical__order_day_of_week_Wednesday,0.11640267246524998,0.11640267246524998
385,categorical__order_month_2015-05,-0.1161505583989577,0.1161505583989577
386,categorical__customer_segment_Corporate,0.11545067819364596,0.11545067819364596
387,categorical__category_name_Hunting & Shooting,-0.11353103531540688,0.11353103531540688
388,categorical__customer_segment_Home Office,0.11287644410322475,0.11287644410322475
389,categorical__order_city_San Salvador,0.11195792545657393,0.11195792545657393
390,categorical__order_country_Singapur,-0.11189749063364969,0.11189749063364969
391,categorical__order_city_Singapur,-0.11189749063364969,0.11189749063364969
392,categorical__product_id_771,0.11158705564802267,0.11158705564802267
393,categorical__product_id_822,0.11049004780244474,0.11049004780244474
394,categorical__order_month_2016-10,0.1104860852926148,0.1104860852926148
395,categorical__order_city_Tamworth,-0.10893068815006812,0.10893068815006812
396,categorical__order_city_Santo Domingo,0.10712894729153405,0.10712894729153405
397,categorical__department_name_Apparel,-0.10676515023933368,0.10676515023933368
398,categorical__order_region_North Africa,0.10596542742039847,0.10596542742039847
399,categorical__order_city_Semarang,0.10514029006762782,0.10514029006762782
400,categorical__order_city_Tlalpan,-0.10453042408803397,0.10453042408803397
401,categorical__order_city_Madrid,0.10451676962032182,0.10451676962032182
402,categorical__order_city_Hanover,-0.10363702098709143,0.10363702098709143
403,categorical__order_country_Noruega,-0.10012412803114851,0.10012412803114851
404,categorical__order_month_2016-11,-0.10001586969050896,0.10001586969050896
405,categorical__category_name_Cleats,-0.09990630181150542,0.09990630181150542
406,categorical__order_city_Marseille,0.09730655075859572,0.09730655075859572
407,categorical__order_month_2017-08,0.09628841041872109,0.09628841041872109
408,categorical__order_city_Mexico City,-0.09536194320987082,0.09536194320987082
409,categorical__order_city_Long Beach,-0.09459618634875612,0.09459618634875612
410,categorical__order_month_2016-09,-0.09259412866280844,0.09259412866280844
411,categorical__product_id_1352,-0.09107272265028148,0.09107272265028148
412,categorical__category_name_Consumer Electronics,-0.09107272265028148,0.09107272265028148
413,categorical__product_id_828,0.09030241518986422,0.09030241518986422
414,categorical__order_month_2015-08,0.08995687126036137,0.08995687126036137
415,categorical__order_country_infrequent_sklearn,0.08916457396371323,0.08916457396371323
416,categorical__order_month_2017-03,0.08862546917628542,0.08862546917628542
417,categorical__product_id_792,-0.08847551646564869,0.08847551646564869
418,categorical__order_month_2015-11,0.08827358303699381,0.08827358303699381
419,categorical__order_city_Guangzhou,-0.08821817277984113,0.08821817277984113
420,categorical__category_name_Baseball & Softball,0.08821803628063558,0.08821803628063558
421,categorical__order_country_Guatemala,0.08813037498978697,0.08813037498978697
422,categorical__category_name_Electronics,-0.08641002269190774,0.08641002269190774
423,categorical__category_name_Shop By Sport,-0.08636799472966326,0.08636799472966326
424,categorical__order_city_Guantánamo,0.08611718461480002,0.08611718461480002
425,categorical__order_city_Halle,-0.08426308873213938,0.08426308873213938
426,categorical__order_city_Adelaide,0.08338851693213077,0.08338851693213077
427,categorical__order_country_Honduras,-0.08023621183717836,0.08023621183717836
428,categorical__product_id_191,-0.0794484573950219,0.0794484573950219
429,categorical__order_city_Cape Town,0.07848742692326424,0.07848742692326424
430,categorical__product_id_1348,-0.07832708861212052,0.07832708861212052
431,categorical__category_name_CDs,-0.07832708861212052,0.07832708861212052
432,categorical__order_city_Lille,-0.0773916123577057,0.0773916123577057
433,categorical__order_city_Ankara,-0.07676030483309922,0.07676030483309922
434,categorical__order_city_Caloocan,-0.07566409529773402,0.07566409529773402
435,categorical__product_id_134,0.07527093653195292,0.07527093653195292
436,categorical__order_country_Filipinas,-0.07499234565870773,0.07499234565870773
437,categorical__product_id_1361,-0.07404761663535875,0.07404761663535875
438,categorical__category_name_Toys,-0.07404761663535875,0.07404761663535875
439,categorical__order_month_2017-07,0.07311281776671272,0.07311281776671272
440,categorical__department_name_Book Shop,0.07256938964505794,0.07256938964505794
441,categorical__category_name_Books,0.07256938964505794,0.07256938964505794
442,categorical__product_id_1346,0.07256938964505794,0.07256938964505794
443,categorical__product_id_810,-0.07247721082412831,0.07247721082412831
444,categorical__order_city_Tijuana,0.07130727503816234,0.07130727503816234
445,categorical__order_region_Southern Europe,-0.07125882075407036,0.07125882075407036
446,categorical__order_country_Estados Unidos,0.07015578931035346,0.07015578931035346
447,categorical__order_country_Italia,0.06839725912623301,0.06839725912623301
448,categorical__product_id_1353,0.06680741876344522,0.06680741876344522
449,categorical__category_name_Crafts,0.06680741876344522,0.06680741876344522
450,categorical__category_name_Golf Balls,0.06563566820800111,0.06563566820800111
451,categorical__product_id_886,-0.0653545718965997,0.0653545718965997
452,categorical__order_city_Wagga Wagga,0.06504112913571353,0.06504112913571353
453,categorical__order_month_2015-01,-0.06472959716963791,0.06472959716963791
454,categorical__order_city_Amsterdam,0.06432723682201914,0.06432723682201914
455,categorical__market_USCA,-0.06391806303863128,0.06391806303863128
456,categorical__product_id_897,0.06367087298880418,0.06367087298880418
457,categorical__order_city_Springfield,-0.06324144333244305,0.06324144333244305
458,categorical__order_month_2015-09,0.06236637159541044,0.06236637159541044
459,categorical__order_city_Izmir,0.06172678894617406,0.06172678894617406
460,categorical__order_day_of_week_Sunday,0.06135830372904839,0.06135830372904839
461,categorical__product_id_793,-0.061262838343162915,0.061262838343162915
462,categorical__department_name_Discs Shop,-0.06062912852003968,0.06062912852003968
463,categorical__order_day_of_week_Thursday,0.05994743356538792,0.05994743356538792
464,categorical__order_city_Bekasi,0.05913387558420333,0.05913387558420333
465,categorical__product_id_1350,0.05875140448339592,0.05875140448339592
466,categorical__category_name_Children's Clothing,0.05875140448339592,0.05875140448339592
467,categorical__order_city_Bordeaux,-0.05815408547332893,0.05815408547332893
468,categorical__order_region_Central Africa,-0.05813646375183301,0.05813646375183301
469,categorical__department_name_Golf,-0.05689691560380998,0.05689691560380998
470,categorical__order_month_2016-08,-0.05601660671955958,0.05601660671955958
471,categorical__order_country_Austria,-0.055567795855539996,0.055567795855539996
472,categorical__order_city_São Paulo,0.055478985318015504,0.055478985318015504
473,categorical__order_city_Bogotá,-0.053846445863860226,0.053846445863860226
474,categorical__order_month_2016-12,-0.05281163065484307,0.05281163065484307
475,categorical__department_name_Outdoors,0.05251087557199449,0.05251087557199449
476,categorical__order_city_Cairo,0.05143503094856498,0.05143503094856498
477,categorical__market_LATAM,0.05058870856632213,0.05058870856632213
478,categorical__order_country_Irán,0.050498215787902166,0.050498215787902166
479,categorical__order_month_2018-01,-0.05016939315127165,0.05016939315127165
480,categorical__product_id_infrequent_sklearn,0.04994193747929241,0.04994193747929241
481,categorical__order_region_East of USA,-0.04788418403548303,0.04788418403548303
482,categorical__order_city_Tegucigalpa,0.04778014354098578,0.04778014354098578
483,categorical__order_city_Mumbai,-0.04775410226651071,0.04775410226651071
484,categorical__order_month_2015-02,-0.047487294464567786,0.047487294464567786
485,categorical__market_Pacific Asia,-0.046800757720775486,0.046800757720775486
486,categorical__order_region_US Center,-0.046101809786937335,0.046101809786937335
487,categorical__order_city_Chinautla,-0.04460901691770063,0.04460901691770063
488,categorical__order_country_Vietnam,-0.04383117137562184,0.04383117137562184
489,categorical__order_city_Johannesburg,-0.043669289828395706,0.043669289828395706
490,categorical__order_region_Central Asia,-0.04347927438560397,0.04347927438560397
491,categorical__order_day_of_week_Monday,0.04266560379975214,0.04266560379975214
492,categorical__order_city_Ho Chi Minh City,-0.042043181528293956,0.042043181528293956
493,categorical__order_city_Choluteca,0.04147704905968365,0.04147704905968365
494,categorical__product_id_1358,0.04091714896303495,0.04091714896303495
495,categorical__category_name_Music,0.04091714896303495,0.04091714896303495
496,categorical__order_region_West Asia,-0.03972683282200398,0.03972683282200398
497,categorical__order_city_Seúl,-0.03929181425157709,0.03929181425157709
498,categorical__product_id_37,-0.03925863795889558,0.03925863795889558
499,categorical__order_city_Hobart,0.03836901364284796,0.03836901364284796
500,categorical__product_id_1356,-0.03821340918232985,0.03821340918232985
501,categorical__department_name_Health and Beauty,-0.03821340918232985,0.03821340918232985
502,categorical__category_name_Health and Beauty,-0.03821340918232985,0.03821340918232985
503,categorical__order_day_of_week_Friday,0.03797444143211747,0.03797444143211747
504,categorical__order_city_Hyderabad,0.03778845252815976,0.03778845252815976
505,categorical__order_city_Santiago de los Caballeros,0.03753205932248705,0.03753205932248705
506,categorical__order_month_2016-05,-0.03728300784218267,0.03728300784218267
507,categorical__order_day_of_week_Saturday,0.03720891886432541,0.03720891886432541
508,categorical__order_month_2016-06,-0.03624180279341546,0.03624180279341546
509,categorical__category_name_Women's Clothing,0.03367723171673723,0.03367723171673723
510,categorical__product_id_1363,0.03367723171673723,0.03367723171673723
511,categorical__category_name_Baby,-0.03367602534276473,0.03367602534276473
512,categorical__product_id_1347,-0.03367602534276473,0.03367602534276473
513,categorical__order_country_Cuba,-0.033482516214596005,0.033482516214596005
514,categorical__order_city_Apodaca,0.032575837674711505,0.032575837674711505
515,categorical__order_city_Santa Ana,0.032485843580977884,0.032485843580977884
516,categorical__order_country_República Dominicana,0.03223578432195124,0.03223578432195124
517,categorical__order_city_Philadelphia,0.03203496322269552,0.03203496322269552
518,categorical__order_country_China,-0.03105679129594126,0.03105679129594126
519,categorical__order_city_Auckland,0.03069484757798248,0.03069484757798248
520,numerical__sales,-0.030070194471101215,0.030070194471101215
521,categorical__order_city_infrequent_sklearn,0.027993627631554597,0.027993627631554597
522,categorical__category_name_Pet Supplies,-0.02749823638214986,0.02749823638214986
523,categorical__department_name_Pet Shop,-0.02749823638214986,0.02749823638214986
524,categorical__product_id_1359,-0.02749823638214986,0.02749823638214986
525,categorical__category_name_Cameras,0.026662878067271613,0.026662878067271613
526,categorical__product_id_1349,0.026662878067271613,0.026662878067271613
527,categorical__order_city_Stuttgart,-0.0260421019896012,0.0260421019896012
528,categorical__order_country_Kazajistán,0.025020267736816117,0.025020267736816117
529,categorical__order_month_2017-02,0.024126763668851293,0.024126763668851293
530,categorical__order_city_Arraiján,-0.023801919537978094,0.023801919537978094
531,categorical__order_city_Quetzaltenango,0.02261776210578893,0.02261776210578893
532,categorical__order_month_2017-06,-0.022590783412722883,0.022590783412722883
533,categorical__order_city_Tipitapa,0.022233870674057014,0.022233870674057014
534,categorical__order_city_Charlotte,0.022079569696917704,0.022079569696917704
535,categorical__order_region_Caribbean,-0.021471147197126745,0.021471147197126745
536,categorical__order_city_Los Angeles,-0.02042788228503816,0.02042788228503816
537,categorical__order_city_Santiago de Cuba,0.020347234181089864,0.020347234181089864
538,categorical__order_city_Wollongong,0.020113885144561108,0.020113885144561108
539,categorical__category_name_Indoor/Outdoor Games,-0.02001416540323767,0.02001416540323767
540,categorical__product_id_1014,-0.02001416540323767,0.02001416540323767
541,categorical__product_id_403,0.019466615141935536,0.019466615141935536
542,categorical__category_name_Men's Footwear,0.019466615141935536,0.019466615141935536
543,categorical__order_country_Irak,-0.01935841323031063,0.01935841323031063
544,categorical__order_month_2017-12,0.018956677857011783,0.018956677857011783
545,categorical__category_name_Accessories,0.01893640762647748,0.01893640762647748
546,categorical__order_city_Escuintla,0.017539138449129864,0.017539138449129864
547,categorical__order_month_2015-04,-0.017092569602306814,0.017092569602306814
548,categorical__product_id_93,0.016639767913747182,0.016639767913747182
549,categorical__order_city_Oslo,-0.01617746165128933,0.01617746165128933
550,categorical__department_name_Fan Shop,0.01600338374824984,0.01600338374824984
551,categorical__category_name_Girls' Apparel,0.015960044998148234,0.015960044998148234
552,categorical__order_city_San Francisco,-0.015956721881228403,0.015956721881228403
553,categorical__order_country_Suiza,0.015785916949830184,0.015785916949830184
554,categorical__order_city_Sydney,-0.015362249228372777,0.015362249228372777
555,categorical__order_month_2015-12,-0.015314717734576948,0.015314717734576948
556,categorical__order_month_2015-03,0.01476910202071962,0.01476910202071962
557,categorical__order_country_Myanmar (Birmania),0.014458814008543973,0.014458814008543973
558,categorical__order_city_Rangún,0.014458814008543973,0.014458814008543973
559,categorical__category_name_Women's Apparel,0.013511034127662741,0.013511034127662741
560,categorical__product_id_502,0.013511034127662741,0.013511034127662741
561,categorical__product_id_1004,0.013270727685321724,0.013270727685321724
562,categorical__category_name_Fishing,0.013270727685321724,0.013270727685321724
563,categorical__product_id_235,0.012661844419097248,0.012661844419097248
564,categorical__order_region_Northern Europe,0.012267323719346312,0.012267323719346312
565,categorical__order_month_2015-06,-0.012222821354419586,0.012222821354419586
566,categorical__order_month_2016-01,-0.011898972886968007,0.011898972886968007
567,categorical__order_region_South Asia,0.010976690741292042,0.010976690741292042
568,categorical__order_city_Bayamo,-0.010889403863817346,0.010889403863817346
569,categorical__order_country_Madagascar,-0.010294930984321963,0.010294930984321963
570,categorical__category_name_Garden,-0.009230568220618452,0.009230568220618452
571,categorical__product_id_1355,-0.009230568220618452,0.009230568220618452
572,categorical__product_id_957,0.007969480808445081,0.007969480808445081
573,categorical__category_name_Camping & Hiking,0.007969480808445081,0.007969480808445081
574,categorical__order_city_Buenos Aires,-0.007804986123673487,0.007804986123673487
575,categorical__order_city_Kinshasa,0.0074410989273989035,0.0074410989273989035
576,categorical__product_id_282,-0.007414645544261579,0.007414645544261579
577,categorical__product_id_564,0.007398091841676445,0.007398091841676445
578,categorical__order_month_2017-01,0.007324597269687491,0.007324597269687491
579,categorical__order_day_of_week_Tuesday,-0.005907092025103644,0.005907092025103644
580,categorical__order_city_Hamburgo,0.005034789708629943,0.005034789708629943
581,categorical__order_city_Puebla,-0.004234596026612899,0.004234596026612899
582,categorical__order_country_Bélgica,-0.003703537909911261,0.003703537909911261
583,categorical__order_city_Orizaba,0.0028085313446178173,0.0028085313446178173
584,categorical__order_region_West of USA,0.0027404513885121353,0.0027404513885121353
585,categorical__order_region_Western Europe,0.002445025812814734,0.002445025812814734
586,categorical__category_name_Golf Apparel,-0.001809409925709711,0.001809409925709711
587,numerical__quantity,0.0015981735705482354,0.0015981735705482354
588,categorical__order_month_2017-10,0.001041711870605469,0.001041711870605469
